source,titre,prix,surface_m2,prix_m2,pieces,type_bien,ville,quartier,description_carte,url,description,chambres,parking,balcon,terrasse,ascenseur,vue_mer,jardin,piscine,dpe,agence_hint
Bienici,IBOX Mourillon 10 VIDÉO EXCLUSIVITÉ Appartement 3 pièces 51 m² 83200 Toulon (Saint-Roch) 124 000 € 2 420 €/m²,124000,51.0,2431.37,3.0,Appartement,Toulon,Saint-Roch,IBOX Mourillon 10 VIDÉO EXCLUSIVITÉ Appartement 3 pièces 51 m² 83200 Toulon (Saint-Roch) 124 000 € 2 420 €/m²,https://www.bienici.com/annonce/vente/toulon/appartement/3pieces/hektor-mourillon-388222?q=%2Frecherche%2Fachat%2Ftoulon-83000&depuis-mise-en-avant=oui,"Continuer sans accepter → Avec votre consentement, nous et nos 19 partenaires utilisons les cookies ou des technologies similaires pour stocker, accéder à et traiter des données personnelles telles que vos visites à ce site Web, les adresses IP et les identifiants des cookies. Vous pouvez révoquer votre consentement ou vous opposer au traitement des données à tout moment en cliquant sur « Paramétrer mes cookies » ou en accédant à notre Politique de confidentialité sur ce site Web. Avec nos partenaires, nous traitons les données pour les finalités suivantes : Données de géolocalisation précises et identification par analyse de l’appareil, Mesure d'audience, Nécessaires au fonctionnement du site, Publicités et contenu personnalisés, mesure de performance des publicités et du contenu, études d’audience et développement de services, Stocker et/ou accéder à des informations sur un appareil Paramétrer mes cookies ACCEPTER Conseils immobiliersImmobilier neufTrouvez une agence immobilière CONTACTER L’AGENCE Chargement de l’annonceur… TÉLÉPHONE Achat appartement 3 pièces 51 m² 83200 Toulon (Saint-Roch) 124 000 €2 420 €/m² Honoraires à la charge du vendeur VIDÉO EXCLUSIVITÉ Estimez votre mensualité Ajouter aux favoris VISITE VIDÉO CLIQUEZ ICI Vous souhaitez recevoir plus de photos ou en savoir plus sur ce bien ? DEMANDER DES PHOTOS TÉLÉPHONE IBOX Mourillon 1/10 Coup de de l’agence Modifiée le 7 mars 2026 | Réf. de l’annonce : 6031ME DESCRIPTIF DE CET APPARTEMENT À VENDRE DE 3 PIÈCES ET 51 M² TOULON - SAINT ROCH. TOULON SAINT ROCH, dans un bel immeuble art déco, proche des commodités, du centre ville de Toulon, et au calme, appartement type 3 de 51 m2 en trés bon état, comprenant, salon avec cuisine américaine, dégagement, 2 chambres dont 1 avec balcon, salle d'eau et w-c. Une cave complète ce bien. Idéal pour investissement ou premier achat. A visiter sans tarder ! Je souhaite être recontacté par l’agence Avez-vous un bien à vendre ? Oui Non Je ne souhaite pas recevoir de biens similaires, ni de conseils liés à ma recherche immobilière de la part de Bien’ici. En cliquant sur le bouton ci-dessous, je reconnais avoir pris connaissance et accepter sans réserve les Mentions légales et Conditions Générales d’Utilisation du site. RECEVOIR L’ADRESSE DU BIEN * Champs obligatoires. Afficher les informations relatives au traitement de mes données personnelles À PROPOS DE CET APPARTEMENT À VENDRE DE 3 PIÈCES ET 51 M² À TOULON Prix : 124 000 €, honoraires à la charge du vendeur Estimez votre mensualité 51,25 m² 3 pièces 2 chambres Date de réalisation du DPE : 14 octobre 2025 Balcon de 2 m² Exposé Est Ouest Chauffage : radiateur électrique individuel Cave Cheminée 1 salle d’eau 1 WC Fibre : déployée* 3e étage (sur 5) Construit en 1940 * Données publiques fournies par l’ARCEP Le bien est vendu en copropriété (36 lots). La quote-part du budget prévisionnel de charges annuelles est de 720 €. Les informations sur les risques auxquels ce bien est exposé sont disponibles sur",2.0,False,True,False,False,False,False,False,,"Continuer sans accepter → Avec votre consentement, nous et nos 19 partenaires utilisons les cookies ou des technologies similaires pour stocker, accéder à et traiter des données personnelles telles que vos visites à ce site Web, les adresses IP et les identifiants des cookies. Vous pouvez révoquer"
Bienici,L'office Immo 11 EXCLUSIVITÉ Appartement 2 pièces 38 m² 83000 Toulon 187 000 € 4 921 €/m²,187000,38.0,4921.05,2.0,Appartement,Toulon,,L'office Immo 11 EXCLUSIVITÉ Appartement 2 pièces 38 m² 83000 Toulon 187 000 € 4 921 €/m²,https://www.bienici.com/annonce/vente/toulon/appartement/2pieces/netty-company38777ezz-appt-5357?q=%2Frecherche%2Fachat%2Ftoulon-83000&depuis-mise-en-avant=oui,"Continuer sans accepter → Avec votre consentement, nous et nos 19 partenaires utilisons les cookies ou des technologies similaires pour stocker, accéder à et traiter des données personnelles telles que vos visites à ce site Web, les adresses IP et les identifiants des cookies. Vous pouvez révoquer votre consentement ou vous opposer au traitement des données à tout moment en cliquant sur « Paramétrer mes cookies » ou en accédant à notre Politique de confidentialité sur ce site Web. Avec nos partenaires, nous traitons les données pour les finalités suivantes : Données de géolocalisation précises et identification par analyse de l’appareil, Mesure d'audience, Nécessaires au fonctionnement du site, Publicités et contenu personnalisés, mesure de performance des publicités et du contenu, études d’audience et développement de services, Stocker et/ou accéder à des informations sur un appareil Paramétrer mes cookies ACCEPTER Conseils immobiliersImmobilier neufTrouvez une agence immobilière CONTACTER L’AGENCE Chargement de l’annonceur… TÉLÉPHONE Achat appartement 2 pièces 38 m² 83000 Toulon 187 000 €4 921 €/m² Honoraires à la charge du vendeur EXCLUSIVITÉ Estimez votre mensualité Ajouter aux favoris Vous souhaitez recevoir plus de photos ou en savoir plus sur ce bien ? DEMANDER DES PHOTOS TÉLÉPHONE L'office Immo 1/11 Modifiée le 3 mars 2026 | Réf. de l’annonce : 2664-LOFFICEIMMO DESCRIPTIF DE CET APPARTEMENT À VENDRE DE 2 PIÈCES ET 38 M² Appartement à vendre Toulon. Situé à Toulon et à la limite d'Ollioules, au quatrième et dernier étage avec ascenseur, dans un immeuble construit en 2017, ce T2 exposé plein sud, saura vous séduire par sa luminosité et sa terrasse sans vis à vis de 9m². Le bien est composée de : Un salon chaleureux ouvert sur la terrasse, D'une cuisine aménagée et équipée ouverte sur la pièce de vie, Une chambre au SUD sans vis à vis Une salle d'eau et un WC indépendant. Sans oublier une cave privative et un stationnement sous-sol. L'appartement dispose d'un DPE B vous assurant une faible consommation et les diagnostics ne laissent apparaitre aucune anomalie électrique ou autre. L'appartement se situe au sein d'un immeuble en copropriété sécurisée et fermée, vous assurant confort et sécurité. Honoraires à la charge du vendeur. Dans une copropriété de 100 lots. Aucune procédure n'est en cours. Classe énergie B, Classe climat B Montant estimé des dépenses annuelles d'énergie pour un usage standard : entre 258.00 € et 350.00 € sur les années 2021, 2022 et 2023 (abonnements compris). Les informations sur les risques auxquels ce bien est exposé sont disponibles sur le site Géorisques : georisques.gouv.fr. Ce bien vous est proposé par un agent commercial (Entreprise individuelle). Votre conseiller L'office Immo : Aurélie LE BARS Agent commercial (Entreprise individuelle) Lire plus Je souhaite être recontacté par l’agence Avez-vous un bien à vendre ? Oui Non Je ne souhaite pas recevoir de biens similaires, ni de conseils liés à ma recherche immobi",1.0,True,True,True,True,False,True,False,B,"Continuer sans accepter → Avec votre consentement, nous et nos 19 partenaires utilisons les cookies ou des technologies similaires pour stocker, accéder à et traiter des données personnelles telles que vos visites à ce site Web, les adresses IP et les identifiants des cookies. Vous pouvez révoquer"
Bienici,16 EXCLUSIVITÉ Maison 3 pièces 92 m² 83200 Toulon (L'Escaillon) 399 000 € 4 337 €/m²,399000,92.0,4336.96,3.0,Maison,Toulon,L'Escaillon,16 EXCLUSIVITÉ Maison 3 pièces 92 m² 83200 Toulon (L'Escaillon) 399 000 € 4 337 €/m²,https://www.bienici.com/annonce/vente/toulon/maison/3pieces/ag942352-517539578?q=%2Frecherche%2Fachat%2Ftoulon-83000,"Continuer sans accepter → Avec votre consentement, nous et nos 19 partenaires utilisons les cookies ou des technologies similaires pour stocker, accéder à et traiter des données personnelles telles que vos visites à ce site Web, les adresses IP et les identifiants des cookies. Vous pouvez révoquer votre consentement ou vous opposer au traitement des données à tout moment en cliquant sur « Paramétrer mes cookies » ou en accédant à notre Politique de confidentialité sur ce site Web. Avec nos partenaires, nous traitons les données pour les finalités suivantes : Données de géolocalisation précises et identification par analyse de l’appareil, Mesure d'audience, Nécessaires au fonctionnement du site, Publicités et contenu personnalisés, mesure de performance des publicités et du contenu, études d’audience et développement de services, Stocker et/ou accéder à des informations sur un appareil Paramétrer mes cookies ACCEPTER Conseils immobiliersImmobilier neufTrouvez une agence immobilière Chargement de l’annonceur… Achat maison 3 pièces 92 m² 83200 Toulon (L'Escaillon) 399 000 €4 337 €/m² Honoraires à la charge du vendeur EXCLUSIVITÉ Estimez votre mensualité Ajouter aux favoris Vous souhaitez recevoir plus de photos ou en savoir plus sur ce bien ? 1/16 Réf. de l’annonce : 4452ae63-228f-4143-9014-7e637f DESCRIPTIF DE CETTE MAISON À VENDRE DE 3 PIÈCES ET 92 M² Maison de 4 pièces de 92 m² à Toulon. Nichée au cœur de Toulon, cette maison de 92 m² allie élégance et confort moderne. Répartie sur deux niveaux, elle offre un cadre de vie harmonieux et lumineux. Le rez-de-chaussée, baigné de lumière naturelle, propose un vaste espace de vie où se mêlent convivialité et détente, idéal pour partager des moments chaleureux en famille ou entre amis. À l'étage, les chambres, véritables cocons de tranquillité, assurent une séparation parfaite entre les espaces de jour et de nuit. Dotée d'équipements modernes, cette maison garantit un confort optimal en toute saison grâce à sa climatisation réversible et son ballon thermodynamique pour l'eau chaude. Le jardin de 150 m², accessible depuis le salon, est un véritable écrin de verdure, parfait pour se ressourcer ou organiser des réceptions en plein air. La sécurité et la praticité sont renforcées par un portail électrique et un interphone. Les familles seront séduites par la proximité des établissements scolaires : l'École primaire La Tauriac se trouve à moins de 300 m, tandis que l'École maternelle La Beaucaire et l'École élémentaire Beaucaire sont à seulement 600 m. Les amateurs de nature apprécieront le parc canin Woof Haven Toulon, situé à 700 m, pour des promenades agréables. Caractéristiques techniques - Surface : 92 m² - Nombre de pièces : 4 - Nombre de chambres : 2 - Nombre de salles de bain : 1 - Année de construction : 2018 - Nombre d'étages : 2 - Surface du jardin : 150 m² - Chauffage : climatisation réversible - Eau chaude : ballon thermodynamique - DPE : A - Taxe foncière : 1905 € Mentions légales : Les renseig",2.0,True,False,False,False,False,True,False,,"Continuer sans accepter → Avec votre consentement, nous et nos 19 partenaires utilisons les cookies ou des technologies similaires pour stocker, accéder à et traiter des données personnelles telles que vos visites à ce site Web, les adresses IP et les identifiants des cookies. Vous pouvez révoquer"
Bienici,15 EXCLUSIVITÉ Studio 25 m² 83000 Toulon (La Rode) 82 000 € 3 280 €/m²,82000,25.0,3280.0,,Studio,Toulon,La Rode,15 EXCLUSIVITÉ Studio 25 m² 83000 Toulon (La Rode) 82 000 € 3 280 €/m²,https://www.bienici.com/annonce/vente/toulon/appartement/1piece/ag942352-517537721?q=%2Frecherche%2Fachat%2Ftoulon-83000,"Continuer sans accepter → Avec votre consentement, nous et nos 19 partenaires utilisons les cookies ou des technologies similaires pour stocker, accéder à et traiter des données personnelles telles que vos visites à ce site Web, les adresses IP et les identifiants des cookies. Vous pouvez révoquer votre consentement ou vous opposer au traitement des données à tout moment en cliquant sur « Paramétrer mes cookies » ou en accédant à notre Politique de confidentialité sur ce site Web. Avec nos partenaires, nous traitons les données pour les finalités suivantes : Données de géolocalisation précises et identification par analyse de l’appareil, Mesure d'audience, Nécessaires au fonctionnement du site, Publicités et contenu personnalisés, mesure de performance des publicités et du contenu, études d’audience et développement de services, Stocker et/ou accéder à des informations sur un appareil Paramétrer mes cookies ACCEPTER Conseils immobiliersImmobilier neufTrouvez une agence immobilière CONTACTER L’AGENCE Chargement de l’annonceur… TÉLÉPHONE Achat studio 25 m² 83000 Toulon (La Rode) 82 000 €3 280 €/m² Honoraires à la charge de l’acquéreur EXCLUSIVITÉ Estimez votre mensualité Ajouter aux favoris Vous souhaitez recevoir plus de photos ou en savoir plus sur ce bien ? DEMANDER DES PHOTOS TÉLÉPHONE 1/15 Réf. de l’annonce : 1572345b-8bbd-4347-b557-3159b3 DESCRIPTIF DE CE STUDIO À VENDRE DE 25 M² Appartement d'1 pièce de 25 m² situé à Toulon. Laissez-vous séduire par ce studio lumineux de 25 m², niché au cœur de Toulon. Situé au deuxième étage d'un immeuble de six étages avec ascenseur, cet appartement offre une vue imprenable sur la mer, créant une ambiance sereine et relaxante. L'espace de vie de 19 m², baigné de lumière grâce à une large fenêtre, invite à la détente et à la contemplation. La situation géographique de ce bien est un véritable atout. À quelques pas du port et du célèbre stade Mayol, vous serez plongé dans l'animation toulonnaise tout en bénéficiant de la quiétude du quartier. Les commodités, telles que les commerces et les transports en commun, se trouvent à moins de 100 m, facilitant ainsi votre quotidien. Que vous recherchiez un pied-à-terre, un premier achat ou un investissement locatif, ce studio saura répondre à vos attentes. Il propose un cadre de vie sécurisé et confortable dans un immeuble récemment rénové. Caractéristiques techniques : - Type : Appartement - Surface : 25 m² - Étage : 2ᵉ avec ascenseur - Année de construction : 1958 - Consommation énergétique : E Mentions légales : Les informations indiquées dans cette annonce sont fournies à titre informatif et ne sauraient remplacer les documents officiels ni les diagnostics techniques obligatoires. Pour consulter les données publiques concernant les risques naturels, technologiques et sismiques propres au secteur, rendez-vous sur www.georisques.gouv.fr. Cette annonce est diffusée par Zefir et présente des informations générales. L'acquéreur ou le locataire doit vérifier l'exactitu",,True,True,False,True,False,False,False,,"Continuer sans accepter → Avec votre consentement, nous et nos 19 partenaires utilisons les cookies ou des technologies similaires pour stocker, accéder à et traiter des données personnelles telles que vos visites à ce site Web, les adresses IP et les identifiants des cookies. Vous pouvez révoquer"
Bienici,18 EXCLUSIVITÉ Appartement 4 pièces 65 m² 83100 Toulon (Brunet) 210 000 € 3 231 €/m²,210000,65.0,3230.77,4.0,Appartement,Toulon,Brunet,18 EXCLUSIVITÉ Appartement 4 pièces 65 m² 83100 Toulon (Brunet) 210 000 € 3 231 €/m²,https://www.bienici.com/annonce/vente/toulon/appartement/4pieces/ag942352-517536269?q=%2Frecherche%2Fachat%2Ftoulon-83000,"Continuer sans accepter → Avec votre consentement, nous et nos 19 partenaires utilisons les cookies ou des technologies similaires pour stocker, accéder à et traiter des données personnelles telles que vos visites à ce site Web, les adresses IP et les identifiants des cookies. Vous pouvez révoquer votre consentement ou vous opposer au traitement des données à tout moment en cliquant sur « Paramétrer mes cookies » ou en accédant à notre Politique de confidentialité sur ce site Web. Avec nos partenaires, nous traitons les données pour les finalités suivantes : Données de géolocalisation précises et identification par analyse de l’appareil, Mesure d'audience, Nécessaires au fonctionnement du site, Publicités et contenu personnalisés, mesure de performance des publicités et du contenu, études d’audience et développement de services, Stocker et/ou accéder à des informations sur un appareil Paramétrer mes cookies ACCEPTER Conseils immobiliersImmobilier neufTrouvez une agence immobilière CONTACTER L’AGENCE Chargement de l’annonceur… TÉLÉPHONE Achat appartement 4 pièces 65 m² 83100 Toulon (Brunet) 210 000 €3 231 €/m² Honoraires à la charge du vendeur EXCLUSIVITÉ Estimez votre mensualité Ajouter aux favoris Vous souhaitez recevoir plus de photos ou en savoir plus sur ce bien ? DEMANDER DES PHOTOS TÉLÉPHONE 1/18 Réf. de l’annonce : ae375381-5110-4b74-bafc-6be8d6 DESCRIPTIF DE CET APPARTEMENT À VENDRE DE 4 PIÈCES ET 65 M² Charmant T4 rénové avec balcons - Toulon Brunet. Plongez dans le charme de cet élégant appartement de 4 pièces, idéalement situé dans le quartier recherché de Brunet à Toulon. Niché au 4ᵉ étage d'un immeuble récemment rénové, ce T4 allie modernité et raffinement, offrant un cadre de vie à la fois confortable et pratique. Avec une surface Loi Carrez de 65 m² et une surface totale de 75 m², cet appartement se distingue par ses deux balcons spacieux qui baignent les pièces de lumière naturelle, créant une ambiance chaleureuse et accueillante. La pièce à vivre, généreuse et lumineuse, s'ouvre sur l'un des balcons, offrant un espace parfait pour profiter de l'extérieur. L'appartement dispose de trois chambres, chacune avec sa propre salle d'eau, assurant confort et intimité à tous les occupants. De nombreux rangements intégrés optimisent l'espace, tandis qu'une cave de 4 m² offre des solutions de stockage supplémentaires. Équipé de prestations de haute qualité, l'appartement bénéficie d'une climatisation neuve, de volets roulants électriques, d'un chauffe-eau neuf, de radiateurs modernes, ainsi que de fenêtres en double vitrage et de la fibre optique. Aucun travaux à prévoir, il ne vous reste plus qu'à poser vos valises. Que vous soyez à la recherche d'un investissement locatif, en location saisonnière ou annuelle, ou d'une résidence principale prête à vivre, ce bien est une opportunité à ne pas manquer. Le quartier offre un cadre de vie agréable avec des parcs et jardins publics à proximité, parfaits pour vos promenades. De plus, des établisse",3.0,True,True,False,True,False,True,False,,"Continuer sans accepter → Avec votre consentement, nous et nos 19 partenaires utilisons les cookies ou des technologies similaires pour stocker, accéder à et traiter des données personnelles telles que vos visites à ce site Web, les adresses IP et les identifiants des cookies. Vous pouvez révoquer"
Bienici,17 EXCLUSIVITÉ Maison 6 pièces 126 m² 83100 Toulon (Saint-Jean du Var) 334 000 € 2 651 €/m²,334000,126.0,2650.79,6.0,Maison,Toulon,Saint-Jean du Var,17 EXCLUSIVITÉ Maison 6 pièces 126 m² 83100 Toulon (Saint-Jean du Var) 334 000 € 2 651 €/m²,https://www.bienici.com/annonce/vente/toulon/maison/6pieces/ag942352-517538015?q=%2Frecherche%2Fachat%2Ftoulon-83000,"Continuer sans accepter → Avec votre consentement, nous et nos 19 partenaires utilisons les cookies ou des technologies similaires pour stocker, accéder à et traiter des données personnelles telles que vos visites à ce site Web, les adresses IP et les identifiants des cookies. Vous pouvez révoquer votre consentement ou vous opposer au traitement des données à tout moment en cliquant sur « Paramétrer mes cookies » ou en accédant à notre Politique de confidentialité sur ce site Web. Avec nos partenaires, nous traitons les données pour les finalités suivantes : Données de géolocalisation précises et identification par analyse de l’appareil, Mesure d'audience, Nécessaires au fonctionnement du site, Publicités et contenu personnalisés, mesure de performance des publicités et du contenu, études d’audience et développement de services, Stocker et/ou accéder à des informations sur un appareil Paramétrer mes cookies ACCEPTER Conseils immobiliersImmobilier neufTrouvez une agence immobilière CONTACTER L’AGENCE Chargement de l’annonceur… TÉLÉPHONE Achat maison 6 pièces 126 m² 83100 Toulon (Saint-Jean du Var) 334 000 €2 651 €/m² Honoraires à la charge du vendeur EXCLUSIVITÉ Estimez votre mensualité Ajouter aux favoris Vous souhaitez recevoir plus de photos ou en savoir plus sur ce bien ? DEMANDER DES PHOTOS TÉLÉPHONE 1/17 Réf. de l’annonce : 1150abb1-e03c-4211-9fc1-d8d721 DESCRIPTIF DE CETTE MAISON À VENDRE DE 6 PIÈCES ET 126 M² Maison 5 chambres et 2 appartements à Toulon Est. Découvrez cette maison de caractère nichée dans le quartier prisé de Toulon Est, offrant une opportunité rare avec ses deux appartements indépendants. Avec une surface totale de 126 m², cette propriété est parfaite pour une grande famille ou un investisseur cherchant à maximiser son potentiel. Construite en 1930, la maison s'étend sur un terrain de 197 m² et bénéficie d'une orientation plein sud, baignant chaque pièce de lumière naturelle. Le rez-de-chaussée, récemment rénové, propose un espace de vie chaleureux avec une cuisine américaine moderne et entièrement équipée. Une suite parentale avec salle d'eau privative y assure confort et intimité. Un escalier extérieur mène à l'étage, où un second appartement vous accueille avec trois chambres spacieuses, une cuisine pratique, une salle de bain et des toilettes séparées. À l'extérieur, un jardin de 192 m² et une terrasse vous invitent à profiter de moments de détente ou à organiser des repas en plein air. La maison est idéalement située à proximité des écoles, des commerces et des transports en commun, simplifiant ainsi votre quotidien. Les visiteurs sont souvent séduits par le potentiel de cette maison, renforcé par la qualité des rénovations du rez-de-chaussée et la possibilité d'aménager jusqu'à cinq chambres. Caractéristiques techniques : - Surface habitable : 126 m² - Nombre de chambres : 4 - Nombre de salles de bain : 2 - Chauffage : Gaz individuel - DPE : D - Année de construction : 1930 Mentions légales : Les informations offici",5.0,True,True,True,False,False,True,False,,"Continuer sans accepter → Avec votre consentement, nous et nos 19 partenaires utilisons les cookies ou des technologies similaires pour stocker, accéder à et traiter des données personnelles telles que vos visites à ce site Web, les adresses IP et les identifiants des cookies. Vous pouvez révoquer"
Bienici,15 EXCLUSIVITÉ Maison 6 pièces 136 m² 83000 Toulon (Aguillon) 640 000 € 4 706 €/m²,640000,136.0,4705.88,6.0,Maison,Toulon,Aguillon,15 EXCLUSIVITÉ Maison 6 pièces 136 m² 83000 Toulon (Aguillon) 640 000 € 4 706 €/m²,https://www.bienici.com/annonce/vente/toulon/maison/6pieces/iad-france-2018963?q=%2Frecherche%2Fachat%2Ftoulon-83000,"Continuer sans accepter → Avec votre consentement, nous et nos 19 partenaires utilisons les cookies ou des technologies similaires pour stocker, accéder à et traiter des données personnelles telles que vos visites à ce site Web, les adresses IP et les identifiants des cookies. Vous pouvez révoquer votre consentement ou vous opposer au traitement des données à tout moment en cliquant sur « Paramétrer mes cookies » ou en accédant à notre Politique de confidentialité sur ce site Web. Avec nos partenaires, nous traitons les données pour les finalités suivantes : Données de géolocalisation précises et identification par analyse de l’appareil, Mesure d'audience, Nécessaires au fonctionnement du site, Publicités et contenu personnalisés, mesure de performance des publicités et du contenu, études d’audience et développement de services, Stocker et/ou accéder à des informations sur un appareil Paramétrer mes cookies ACCEPTER Conseils immobiliersImmobilier neufTrouvez une agence immobilière Chargement de l’annonceur… Achat maison 6 pièces 136 m² 83000 Toulon (Aguillon) 640 000 €4 706 €/m² Honoraires à la charge du vendeur EXCLUSIVITÉ Estimez votre mensualité Ajouter aux favoris Vous souhaitez recevoir plus de photos ou en savoir plus sur ce bien ? 1/15 Réf. de l’annonce : 1955954 DESCRIPTIF DE CETTE MAISON À VENDRE DE 6 PIÈCES ET 136 M² Vente Maison/villa 6 pièces. iad France - Priscille Bruno vous propose: Maison de caractère 140 m² + annexes – Toulon Est Serinette CALME et SOLEIL Rare opportunité au cOEur des quartiers prisés de La Serinette, Aguillon et Petit Bois ! Cette maison pleine de charme de 140 m² habitables (+ garage 30 m² environ + véranda 11 m² environ) offre calme, exposition plein sud et emplacement stratégique : transports, commerces, plages et écoles (Fénelon, Bon Accueil, Ravel, Aguillon) à deux pas. SES ATOUTS : _ Surfaces généreuses : 140 m² sur 2 niveaux + garage 30 m² + véranda 11 m² carrelée de ciment - Jardin agréable avec divers lieux de vie - 4 chambres (extensibles via annexes) - Authenticité préservée : tommettes anciennes, belle hauteur sous plafond - Confort optimal : pièce de vie généreuse, grande cuisine avec espace repas, salle de bains à l'étage + salle d'eau RDC - Pratique au quotidien : atelier + vastes rangements - Livraison à l'été 2026 : emménagement serein garanti INFORMATIONS CLES : En copropriété, cette belle maison offre un potentiel d'aménagement personnalisé exceptionnel, avec travaux d'embellissement à prévoir pour la sublimer selon vos envies. Idéale pour familles actives cherchant emplacement premium et maison authentique. Secteur très demandé = opportunité à saisir rapidement ! N'hésitez plus et appelez moi pour préparer votre visite. A très bientôt, Priscille BRUNO La presente annonce immobiliere vise 3 lots situés dans une copropriété de 38 lots au total et ne faisant l'objet d'aucune procédure en cours citée à l'article L. 721-1 du code de la construction et de l'habitation. Montant moyen mensuel de char",4.0,False,False,False,False,False,True,False,,"Continuer sans accepter → Avec votre consentement, nous et nos 19 partenaires utilisons les cookies ou des technologies similaires pour stocker, accéder à et traiter des données personnelles telles que vos visites à ce site Web, les adresses IP et les identifiants des cookies. Vous pouvez révoquer"
Bienici,15 EXCLUSIVITÉ Duplex 4 pièces 95 m² 83000 Toulon (Aguillon) 489 000 € 5 147 €/m²,489000,95.0,5147.37,4.0,,Toulon,Aguillon,15 EXCLUSIVITÉ Duplex 4 pièces 95 m² 83000 Toulon (Aguillon) 489 000 € 5 147 €/m²,https://www.bienici.com/annonce/vente/toulon/appartement/4pieces/iad-france-2024100?q=%2Frecherche%2Fachat%2Ftoulon-83000,"Continuer sans accepter → Avec votre consentement, nous et nos 19 partenaires utilisons les cookies ou des technologies similaires pour stocker, accéder à et traiter des données personnelles telles que vos visites à ce site Web, les adresses IP et les identifiants des cookies. Vous pouvez révoquer votre consentement ou vous opposer au traitement des données à tout moment en cliquant sur « Paramétrer mes cookies » ou en accédant à notre Politique de confidentialité sur ce site Web. Avec nos partenaires, nous traitons les données pour les finalités suivantes : Données de géolocalisation précises et identification par analyse de l’appareil, Mesure d'audience, Nécessaires au fonctionnement du site, Publicités et contenu personnalisés, mesure de performance des publicités et du contenu, études d’audience et développement de services, Stocker et/ou accéder à des informations sur un appareil Paramétrer mes cookies ACCEPTER",,False,False,False,False,False,False,False,,"Continuer sans accepter → Avec votre consentement, nous et nos 19 partenaires utilisons les cookies ou des technologies similaires pour stocker, accéder à et traiter des données personnelles telles que vos visites à ce site Web, les adresses IP et les identifiants des cookies. Vous pouvez révoquer"
Bienici,16 EXCLUSIVITÉ Appartement 2 pièces 50 m² 83200 Toulon (Pont de Bois) 155 000 € 3 100 €/m²,155000,50.0,3100.0,2.0,Appartement,Toulon,Pont de Bois,16 EXCLUSIVITÉ Appartement 2 pièces 50 m² 83200 Toulon (Pont de Bois) 155 000 € 3 100 €/m²,https://www.bienici.com/annonce/vente/toulon/appartement/2pieces/iad-france-2007615?q=%2Frecherche%2Fachat%2Ftoulon-83000,"Continuer sans accepter → Avec votre consentement, nous et nos 19 partenaires utilisons les cookies ou des technologies similaires pour stocker, accéder à et traiter des données personnelles telles que vos visites à ce site Web, les adresses IP et les identifiants des cookies. Vous pouvez révoquer votre consentement ou vous opposer au traitement des données à tout moment en cliquant sur « Paramétrer mes cookies » ou en accédant à notre Politique de confidentialité sur ce site Web. Avec nos partenaires, nous traitons les données pour les finalités suivantes : Données de géolocalisation précises et identification par analyse de l’appareil, Mesure d'audience, Nécessaires au fonctionnement du site, Publicités et contenu personnalisés, mesure de performance des publicités et du contenu, études d’audience et développement de services, Stocker et/ou accéder à des informations sur un appareil Paramétrer mes cookies ACCEPTER",,False,False,False,False,False,False,False,,"Continuer sans accepter → Avec votre consentement, nous et nos 19 partenaires utilisons les cookies ou des technologies similaires pour stocker, accéder à et traiter des données personnelles telles que vos visites à ce site Web, les adresses IP et les identifiants des cookies. Vous pouvez révoquer"
Bienici,21 EXCLUSIVITÉ Appartement 3 pièces 61 m² 83000 Toulon (Champs-de-Mars) 161 000 € 2 639 €/m²,161000,61.0,2639.34,3.0,Appartement,Toulon,Champs-de-Mars,21 EXCLUSIVITÉ Appartement 3 pièces 61 m² 83000 Toulon (Champs-de-Mars) 161 000 € 2 639 €/m²,https://www.bienici.com/annonce/vente/toulon/appartement/3pieces/iad-france-2015432?q=%2Frecherche%2Fachat%2Ftoulon-83000,"Continuer sans accepter → Avec votre consentement, nous et nos 19 partenaires utilisons les cookies ou des technologies similaires pour stocker, accéder à et traiter des données personnelles telles que vos visites à ce site Web, les adresses IP et les identifiants des cookies. Vous pouvez révoquer votre consentement ou vous opposer au traitement des données à tout moment en cliquant sur « Paramétrer mes cookies » ou en accédant à notre Politique de confidentialité sur ce site Web. Avec nos partenaires, nous traitons les données pour les finalités suivantes : Données de géolocalisation précises et identification par analyse de l’appareil, Mesure d'audience, Nécessaires au fonctionnement du site, Publicités et contenu personnalisés, mesure de performance des publicités et du contenu, études d’audience et développement de services, Stocker et/ou accéder à des informations sur un appareil Paramétrer mes cookies ACCEPTER Conseils immobiliersImmobilier neufTrouvez une agence immobilière Chargement de l’annonceur… Achat appartement 3 pièces 61 m² 83000 Toulon (Champs-de-Mars) 161 000 €2 639 €/m² Honoraires à la charge du vendeur EXCLUSIVITÉ Estimez votre mensualité Ajouter aux favoris Vous souhaitez recevoir plus de photos ou en savoir plus sur ce bien ? 1/21 Modifiée le 6 mars 2026 | Réf. de l’annonce : 1952508 DESCRIPTIF DE CET APPARTEMENT À VENDRE DE 3 PIÈCES ET 61 M² Vente Appartement 3 pièces. iad France - Jean-Michel PY vous propose: Venez découvrir ce bel appartement T3 superbement rénové et joliment meublé, idéalement situé au cOEur de Toulon, dans le secteur Facultés - Champ de Mars. Traversant et lumineux, ce bien se compose d'une entrée desservant, d'un côté, une pièce à vivre et une première chambre, toutes deux donnant sur un balcon et de l'autre côté, vous trouverez une cuisine, une deuxième chambre avec vue sur cour, une salle d'eau ainsi qu'un WC indépendant. Situé au 3ème étage avec ascenseur d'une copropriété de 1953 en très bon état, cet appartement bénéficie de fenêtres en double vitrage et d'un chauffage électrique individuel. Vous n'aurez plus qu'à poser vos valises dans cet appartement chaleureux vendu entièrement meublé. Une cave est également incluse dans la vente. Une vaste salle de sport Basic-Fit se situe au rez-de-chaussée de l'immeuble. Emplacement à proximité immédiate des commerces, des services, des transports et de l'accès autoroute directions Nice ou Marseille. A seulement 5 minutes à pied de la Faculté de Droit. N'hésitez pas à me contacter pour obtenir plus d'informations sur ce bien ou pour organiser une visite. La presente annonce immobiliere vise 1 lot situé dans une copropriété de 46 lots au total et ne faisant l'objet d'aucune procédure en cours citée à l'article L. 721-1 du code de la construction et de l'habitation. Montant moyen mensuel de charges déclaré par le vendeur : 90€ par mois (soit 1080 € annuel). Honoraires d'agence à la charge du vendeur. Information d'affichage énergétique sur ce bien : classe ENE",2.0,False,True,False,True,False,True,False,,"Continuer sans accepter → Avec votre consentement, nous et nos 19 partenaires utilisons les cookies ou des technologies similaires pour stocker, accéder à et traiter des données personnelles telles que vos visites à ce site Web, les adresses IP et les identifiants des cookies. Vous pouvez révoquer"
Bienici,19 EXCLUSIVITÉ Appartement 2 pièces 45 m² 83200 Toulon (Pont du Las) 149 000 € 3 311 €/m²,149000,45.0,3311.11,2.0,Appartement,Toulon,Pont du Las,19 EXCLUSIVITÉ Appartement 2 pièces 45 m² 83200 Toulon (Pont du Las) 149 000 € 3 311 €/m²,https://www.bienici.com/annonce/vente/toulon/appartement/2pieces/iad-france-1999713?q=%2Frecherche%2Fachat%2Ftoulon-83000,"Continuer sans accepter → Avec votre consentement, nous et nos 19 partenaires utilisons les cookies ou des technologies similaires pour stocker, accéder à et traiter des données personnelles telles que vos visites à ce site Web, les adresses IP et les identifiants des cookies. Vous pouvez révoquer votre consentement ou vous opposer au traitement des données à tout moment en cliquant sur « Paramétrer mes cookies » ou en accédant à notre Politique de confidentialité sur ce site Web. Avec nos partenaires, nous traitons les données pour les finalités suivantes : Données de géolocalisation précises et identification par analyse de l’appareil, Mesure d'audience, Nécessaires au fonctionnement du site, Publicités et contenu personnalisés, mesure de performance des publicités et du contenu, études d’audience et développement de services, Stocker et/ou accéder à des informations sur un appareil Paramétrer mes cookies ACCEPTER Conseils immobiliersImmobilier neufTrouvez une agence immobilière Chargement de l’annonceur… Achat appartement 2 pièces 45 m² 83200 Toulon (Pont du Las) 149 000 €3 311 €/m² Honoraires à la charge du vendeur EXCLUSIVITÉ Estimez votre mensualité Ajouter aux favoris Vous souhaitez recevoir plus de photos ou en savoir plus sur ce bien ? 1/19 Modifiée le 2 mars 2026 | Réf. de l’annonce : 1937003 DESCRIPTIF DE CET APPARTEMENT À VENDRE DE 2 PIÈCES ET 45 M² Vente Appartement 2 pièces. iad France - Vanessa Pasquet vous propose: Au sein d’une copropriété intimiste, SECURISEE et bien entretenue, vous découvrirez un appartement de plain-pied offrant une véritable sensation de cocon, à l’abri de toute agitation. Dès votre entrée, vous serez séduit par une pièce de vie spacieuse et lumineuse, orientée sud-est, où vous profiterez d’une atmosphère douce et apaisante. Vous apprécierez la cuisine ouverte, élégamment intégrée, les matériaux soignés, ainsi que l’éclairage par spots encastrés qui met harmonieusement en valeur les volumes. Sur le côté, vous accéderez à un espace nuit confortable : vous disposerez d’une belle chambre avec de grands rangements, accompagnée de sa vaste salle d’eau, équipée d’une grande douche. Vous bénéficierez ainsi d’un agencement proche d’une suite parentale, intime et parfaitement fonctionnel. Côté confort, vous profiterez du double vitrage, d’une climatisation réversible, de la FIBRE OPTIQUE et de prises RJ45. Aucun travaux à prévoir, tant dans l’appartement que dans la copropriété, laquelle est calme, sécurisée et affiche des FAIBLES CHARGES INCLUANT L'EAU FROIDE. À l’extérieur, vous apprécierez un environnement résidentiel paisible, tout en restant à proximité immédiate des commerces, services et commodités, vous permettant de tout faire facilement au quotidien sans renoncer au calme. Vous bénéficierez également d’une place de stationnement privative, pouvant accueillir jusqu’à 2 VEHICULES. Cet appartement pourra répondre à de nombreux projets de vie : vous pourrez y réaliser un premier achat, vous installer en couple,",1.0,False,False,True,False,False,False,False,,"Continuer sans accepter → Avec votre consentement, nous et nos 19 partenaires utilisons les cookies ou des technologies similaires pour stocker, accéder à et traiter des données personnelles telles que vos visites à ce site Web, les adresses IP et les identifiants des cookies. Vous pouvez révoquer"
Bienici,BRETTE IMMOBILIER 17 VIDÉO EXCLUSIVITÉ Maison 5 pièces 152 m² 83000 Toulon (Siblas) 545 000 € 3 582 €/m²,545000,152.0,3585.53,5.0,Maison,Toulon,Siblas,BRETTE IMMOBILIER 17 VIDÉO EXCLUSIVITÉ Maison 5 pièces 152 m² 83000 Toulon (Siblas) 545 000 € 3 582 €/m²,https://www.bienici.com/annonce/vente/toulon/maison/5pieces/hektor-bretteimmobilieranne-16899?q=%2Frecherche%2Fachat%2Ftoulon-83000,"Continuer sans accepter → Avec votre consentement, nous et nos 19 partenaires utilisons les cookies ou des technologies similaires pour stocker, accéder à et traiter des données personnelles telles que vos visites à ce site Web, les adresses IP et les identifiants des cookies. Vous pouvez révoquer votre consentement ou vous opposer au traitement des données à tout moment en cliquant sur « Paramétrer mes cookies » ou en accédant à notre Politique de confidentialité sur ce site Web. Avec nos partenaires, nous traitons les données pour les finalités suivantes : Données de géolocalisation précises et identification par analyse de l’appareil, Mesure d'audience, Nécessaires au fonctionnement du site, Publicités et contenu personnalisés, mesure de performance des publicités et du contenu, études d’audience et développement de services, Stocker et/ou accéder à des informations sur un appareil Paramétrer mes cookies ACCEPTER Conseils immobiliersImmobilier neufTrouvez une agence immobilière CONTACTER L’AGENCE Chargement de l’annonceur… TÉLÉPHONE Achat maison 5 pièces 152 m² 83000 Toulon (Siblas) 545 000 €3 582 €/m² Honoraires à la charge du vendeur VIDÉO EXCLUSIVITÉ Estimez votre mensualité Ajouter aux favoris VISITE VIDÉO CLIQUEZ ICI VISITE VIDÉO CLIQUEZ ICI Vous souhaitez recevoir plus de photos ou en savoir plus sur ce bien ? DEMANDER DES PHOTOS TÉLÉPHONE BRETTE IMMOBILIER 1/17 Modifiée le 2 mars 2026 | Réf. de l’annonce : 3688 DESCRIPTIF DE CETTE MAISON À VENDRE DE 5 PIÈCES ET 152 M² TOULON SIBLAS MAISON T6 VUE MER A RENOVER. Située sur les hauteurs de Siblas, cette maison T5 à rénover offre une vue mer splendide et un fort potentiel d'aménagement. Elle se compose au rez-de-chaussée d'un double séjour lumineux avec vue dégagée sur la mer, d'une cuisine indépendante, d'une chambre avec balcon, d'une salle d'eau et de WC indépendants. Au niveau inférieur, vous trouverez deux chambres supplémentaires ainsi qu'une seconde salle d'eau avec WC. Enfin, les combles aménagés d'environ 52 m2 viennent compléter ce bien et permettent d'imaginer de nombreux projets. Stationnement aisé sur la parcelle. Produit atypique et rare à la vente, une opportunité à ne pas manquer ! Les informations concernant les risques auxquels ce bien est exposé sont disponibles sur le site Géorisques : www.georisques.gouv.fr. BRETTE IMMOBILIER, agence immobilière implantée à Toulon depuis plus de 30 ans, vous accompagne dans tous vos projets immobiliers de vente, d'achat et de location. Nos agences, situées dans les quartiers Claret et Sainte-Anne, interviennent sur l'ensemble de l'aire toulonnaise : Le Mourillon, Cap Brun, Port Marchand, Serinette, Petit Bois, La Mitre, L'Aiguillon, La Rode, Le Pont-du-Suve, Les Ameniers, ainsi que Les Routes, Bon Rencontre, Le Pont-du-Las, Barbès, Claret, Sainte-Anne, Le Bas Faron, Vert Coteau, La Loubière, Saint-Jean-du-Var, Brunet et secteurs limitrophes. Nous intervenons également sur les communes environnantes de Toulon telles que La Valette-du-Var",4.0,True,True,True,False,True,True,False,,"Continuer sans accepter → Avec votre consentement, nous et nos 19 partenaires utilisons les cookies ou des technologies similaires pour stocker, accéder à et traiter des données personnelles telles que vos visites à ce site Web, les adresses IP et les identifiants des cookies. Vous pouvez révoquer"
Bienici,15 EXCLUSIVITÉ Appartement 3 pièces 56 m² 83100 Toulon (Saint-Jean du Var) 175 000 € 3 125 €/m²,175000,56.0,3125.0,3.0,Appartement,Toulon,Saint-Jean du Var,15 EXCLUSIVITÉ Appartement 3 pièces 56 m² 83100 Toulon (Saint-Jean du Var) 175 000 € 3 125 €/m²,https://www.bienici.com/annonce/vente/toulon/appartement/3pieces/iad-france-1973370?q=%2Frecherche%2Fachat%2Ftoulon-83000,"Continuer sans accepter → Avec votre consentement, nous et nos 19 partenaires utilisons les cookies ou des technologies similaires pour stocker, accéder à et traiter des données personnelles telles que vos visites à ce site Web, les adresses IP et les identifiants des cookies. Vous pouvez révoquer votre consentement ou vous opposer au traitement des données à tout moment en cliquant sur « Paramétrer mes cookies » ou en accédant à notre Politique de confidentialité sur ce site Web. Avec nos partenaires, nous traitons les données pour les finalités suivantes : Données de géolocalisation précises et identification par analyse de l’appareil, Mesure d'audience, Nécessaires au fonctionnement du site, Publicités et contenu personnalisés, mesure de performance des publicités et du contenu, études d’audience et développement de services, Stocker et/ou accéder à des informations sur un appareil Paramétrer mes cookies ACCEPTER",,False,False,False,False,False,False,False,,"Continuer sans accepter → Avec votre consentement, nous et nos 19 partenaires utilisons les cookies ou des technologies similaires pour stocker, accéder à et traiter des données personnelles telles que vos visites à ce site Web, les adresses IP et les identifiants des cookies. Vous pouvez révoquer"
Bienici,IBOX Mourillon 19 VIDÉO EXCLUSIVITÉ Maison 10 pièces 373 m² 83000 Toulon (Le Mourillon - La Mitre - Fort Lamalgue) 2 495,2495000,373.0,6689.01,10.0,Maison,Toulon,Le Mourillon - La Mitre - Fort Lamalgue,IBOX Mourillon 19 VIDÉO EXCLUSIVITÉ Maison 10 pièces 373 m² 83000 Toulon (Le Mourillon - La Mitre - Fort Lamalgue) 2 495 000 € 6 689 €/m²,https://www.bienici.com/annonce/vente-de-prestige/toulon/maison/10pieces/hektor-mourillon-389981?q=%2Frecherche%2Fachat%2Ftoulon-83000,"Continuer sans accepter → Avec votre consentement, nous et nos 19 partenaires utilisons les cookies ou des technologies similaires pour stocker, accéder à et traiter des données personnelles telles que vos visites à ce site Web, les adresses IP et les identifiants des cookies. Vous pouvez révoquer votre consentement ou vous opposer au traitement des données à tout moment en cliquant sur « Paramétrer mes cookies » ou en accédant à notre Politique de confidentialité sur ce site Web. Avec nos partenaires, nous traitons les données pour les finalités suivantes : Données de géolocalisation précises et identification par analyse de l’appareil, Mesure d'audience, Nécessaires au fonctionnement du site, Publicités et contenu personnalisés, mesure de performance des publicités et du contenu, études d’audience et développement de services, Stocker et/ou accéder à des informations sur un appareil Paramétrer mes cookies ACCEPTER Conseils immobiliersImmobilier neufTrouvez une agence immobilière Chargement de l’annonceur… Vente de prestige : maison 10 pièces 373 m² 83000 Toulon (Le Mourillon - La Mitre - Fort Lamalgue) 2 495 000 €6 689 €/m² VIDÉO EXCLUSIVITÉ Estimez votre mensualité Ajouter aux favoris VISITE VIDÉO CLIQUEZ ICI Vous souhaitez recevoir plus de photos ou en savoir plus sur ce bien ? IBOX Mourillon 1/19 Modifiée le 9 mars 2026 | Réf. de l’annonce : 6107ME DESCRIPTIF DE CETTE MAISON À VENDRE DE 10 PIÈCES ET 373 M² Mourillon - Villa d'exception - Vue mer - piscine. Demeure d'exception face aux plages du Mourillon - Située dans l'un des quartiers les plus prisés de Toulon, face aux plages du Mourillon, cette propriété unique offre un cadre de vie idyllique. Édifiée en 2015 sur un terrain de 1 600 m2, cette villa de 350 m2 allie confort moderne et raffinement, avec une vue imprenable sur la mer depuis l'étage. Un intérieur élégant et spacieux Dès l'entrée, vous serez charmé par l'agencement soigné et les volumes généreux de cette demeure. Le vaste séjour baigné de lumière s'ouvre sur une terrasse qui ouvre sur le jardin paysager, permettant de profiter pleinement des extérieurs. Les espaces de réception sont sublimés par des finitions haut de gamme. Prestations Haut de Gamme : Pompe a chaleur Climatisation gainable (daikin), ascenseur, aspiration centralisé, bain à remoues 4places vue mer, cave a vin professionnelle, 4 modes de cuissons 'gaggenau', piscine chauffée, systeme domotrique, Alarme etc La cuisine, entièrement équipée avec des appareils de qualité, est un véritable espace de convivialité, idéal pour les amateurs de gastronomie. Des chambres avec vue mer L'étage supérieur de la maison abrite plusieurs suites dont une magnifique offrant une vue panoramique sur la Méditerranée. Chaque chambre a été pensée pour offrir confort et intimité, avec de belles ouvertures qui invitent à la contemplation du paysage environnant. Un cadre extérieur paradisiaque Le jardin, véritable havre de paix, est agrémenté d'une belle piscine entourée de végétation luxu",5.0,False,True,True,True,True,True,True,,"Continuer sans accepter → Avec votre consentement, nous et nos 19 partenaires utilisons les cookies ou des technologies similaires pour stocker, accéder à et traiter des données personnelles telles que vos visites à ce site Web, les adresses IP et les identifiants des cookies. Vous pouvez révoquer"
Bienici,IMMOBOX 16 VIDÉO EXCLUSIVITÉ Appartement 4 pièces 80 m² 83000 Toulon (La Rode) 320 000 € 4 000 €/m²,320000,80.0,4000.0,4.0,Appartement,Toulon,La Rode,IMMOBOX 16 VIDÉO EXCLUSIVITÉ Appartement 4 pièces 80 m² 83000 Toulon (La Rode) 320 000 € 4 000 €/m²,https://www.bienici.com/annonce/vente/toulon/appartement/4pieces/hektor-sixfours-389978?q=%2Frecherche%2Fachat%2Ftoulon-83000,"Continuer sans accepter → Avec votre consentement, nous et nos 19 partenaires utilisons les cookies ou des technologies similaires pour stocker, accéder à et traiter des données personnelles telles que vos visites à ce site Web, les adresses IP et les identifiants des cookies. Vous pouvez révoquer votre consentement ou vous opposer au traitement des données à tout moment en cliquant sur « Paramétrer mes cookies » ou en accédant à notre Politique de confidentialité sur ce site Web. Avec nos partenaires, nous traitons les données pour les finalités suivantes : Données de géolocalisation précises et identification par analyse de l’appareil, Mesure d'audience, Nécessaires au fonctionnement du site, Publicités et contenu personnalisés, mesure de performance des publicités et du contenu, études d’audience et développement de services, Stocker et/ou accéder à des informations sur un appareil Paramétrer mes cookies ACCEPTER",,False,False,False,False,False,False,False,,"Continuer sans accepter → Avec votre consentement, nous et nos 19 partenaires utilisons les cookies ou des technologies similaires pour stocker, accéder à et traiter des données personnelles telles que vos visites à ce site Web, les adresses IP et les identifiants des cookies. Vous pouvez révoquer"
Bienici,Citya Estublier 18 VIDÉO UNIQUEMENT SUR BIEN’ICI* Appartement 3 pièces 56 m² 83000 Toulon (Saint-Jean du Var) 127 000 € ,127000,56.0,2267.86,3.0,Appartement,Toulon,Saint-Jean du Var,Citya Estublier 18 VIDÉO UNIQUEMENT SUR BIEN’ICI* Appartement 3 pièces 56 m² 83000 Toulon (Saint-Jean du Var) 127 000 € 2 268 €/m²,https://www.bienici.com/annonce/vente/toulon/appartement/3pieces/citya-immobilier-41039H-TAPP951504A?q=%2Frecherche%2Fachat%2Ftoulon-83000,"Continuer sans accepter → Avec votre consentement, nous et nos 19 partenaires utilisons les cookies ou des technologies similaires pour stocker, accéder à et traiter des données personnelles telles que vos visites à ce site Web, les adresses IP et les identifiants des cookies. Vous pouvez révoquer votre consentement ou vous opposer au traitement des données à tout moment en cliquant sur « Paramétrer mes cookies » ou en accédant à notre Politique de confidentialité sur ce site Web. Avec nos partenaires, nous traitons les données pour les finalités suivantes : Données de géolocalisation précises et identification par analyse de l’appareil, Mesure d'audience, Nécessaires au fonctionnement du site, Publicités et contenu personnalisés, mesure de performance des publicités et du contenu, études d’audience et développement de services, Stocker et/ou accéder à des informations sur un appareil Paramétrer mes cookies ACCEPTER Conseils immobiliersImmobilier neufTrouvez une agence immobilière CONTACTER L’AGENCE TÉLÉPHONE Achat appartement 3 pièces 56 m² 83000 Toulon (Saint-Jean du Var) 127 000 €2 268 €/m² Honoraires à la charge du vendeur VIDÉO UNIQUEMENT SUR BIEN’ICI* Estimez votre mensualité Ajouter aux favoris VISITE VIDÉO CLIQUEZ ICI Vous souhaitez recevoir plus de photos ou en savoir plus sur ce bien ? DEMANDER DES PHOTOS TÉLÉPHONE Citya Estublier 1/18 Modifiée le 27 févr. 2026 | Réf. de l’annonce : TAPP951504A DESCRIPTIF DE CET APPARTEMENT À VENDRE DE 3 PIÈCES ET 56 M² VENTE d'un appartement T3 (56 m²) traversant et lumineux, idéal pour un premier achat ou un investissement. - À VENDRE Nous vous proposons un appartement de type T3 d'une superficie de 56 m², idéalement situé pour un premier achat ou un investissement locatif. Ce bien traversant bénéficie d'une luminosité naturelle exceptionnelle, créant une atmosphère agréable et accueillante tout au long de la journée. L'appartement se compose de plusieurs pièces bien agencées, offrant un espace de vie fonctionnel et confortable. Bien qu'il ne soit pas meublé, cela vous permettra de personnaliser chaque espace selon vos goûts et vos besoins. La configuration des pièces est optimisée pour maximiser l'utilisation de l'espace, ce qui en fait un lieu de vie pratique et agréable. Ce bien est idéal pour les personnes recherchant un logement à la fois pratique et lumineux, sans les contraintes d'un immeuble de grande hauteur. Ce T3 est à découvrir rapidement, car il représente une opportunité rare sur le marché. Que vous soyez un primo-accédant désireux de faire votre premier pas dans l'immobilier ou un investisseur à la recherche d'un bien à fort potentiel, cet appartement saura répondre à vos attentes. N'hésitez pas à nous contacter pour plus d'informations ou pour organiser une visite. Le bien est soumis au statut de la copropriété , la copropriété comporte 46 lots , la quote-part budget prévisionnel (dépenses courantes) est de 2 104,00 euros/an. Honoraires à la charge du vendeur. Vous pouvez consulter les",2.0,True,True,False,True,False,True,False,,"Continuer sans accepter → Avec votre consentement, nous et nos 19 partenaires utilisons les cookies ou des technologies similaires pour stocker, accéder à et traiter des données personnelles telles que vos visites à ce site Web, les adresses IP et les identifiants des cookies. Vous pouvez révoquer"
Bienici,18 EXCLUSIVITÉ Appartement 5 pièces 100 m² 83000 Toulon (Haute-ville) 291 000 € 2 910 €/m²,291000,100.0,2910.0,5.0,Appartement,Toulon,Haute-ville,18 EXCLUSIVITÉ Appartement 5 pièces 100 m² 83000 Toulon (Haute-ville) 291 000 € 2 910 €/m²,https://www.bienici.com/annonce/vente/toulon/appartement/5pieces/iad-france-1956005?q=%2Frecherche%2Fachat%2Ftoulon-83000,"Continuer sans accepter → Avec votre consentement, nous et nos 19 partenaires utilisons les cookies ou des technologies similaires pour stocker, accéder à et traiter des données personnelles telles que vos visites à ce site Web, les adresses IP et les identifiants des cookies. Vous pouvez révoquer votre consentement ou vous opposer au traitement des données à tout moment en cliquant sur « Paramétrer mes cookies » ou en accédant à notre Politique de confidentialité sur ce site Web. Avec nos partenaires, nous traitons les données pour les finalités suivantes : Données de géolocalisation précises et identification par analyse de l’appareil, Mesure d'audience, Nécessaires au fonctionnement du site, Publicités et contenu personnalisés, mesure de performance des publicités et du contenu, études d’audience et développement de services, Stocker et/ou accéder à des informations sur un appareil Paramétrer mes cookies ACCEPTER Conseils immobiliersImmobilier neufTrouvez une agence immobilière CONTACTER LE PROFESSIONNEL TÉLÉPHONE Achat appartement 5 pièces 100 m² 83000 Toulon (Haute-ville) 291 000 €2 910 €/m² Honoraires à la charge du vendeur EXCLUSIVITÉ Estimez votre mensualité Ajouter aux favoris Vous souhaitez recevoir plus de photos ou en savoir plus sur ce bien ? DEMANDER DES PHOTOS TÉLÉPHONE 1/18 Modifiée le 25 févr. 2026 | Réf. de l’annonce : 1894878 DESCRIPTIF DE CET APPARTEMENT À VENDRE DE 5 PIÈCES ET 100 M² Vente Appartement 5 pièces. iad France - Willy Osinski vous propose: Appartement 5 pièces avec Balcon et VUE Panoramique à Toulon A proximité immédiate des rues piétonnes de Toulon, au sein d'une résidence de bon STANDING, sécurisée, cet appartement d'exception offre un cadre de vie hors du commun. Dès l'entrée, vous serez séduit par la luminosité et l'espace offerts par cet appartement. Avec une surface de 100m², il se compose d'une grande entrée, d'un spacieux séjour lumineux, d'une salle à manger, d'une cuisine équipée, de trois belles chambres, d'une salle de bain, et d'un WC séparé pour plus de confort. De plus, un balcon vous permettra de profiter de très belle VUE imprenable sur la MER et la ville. L'appartement bénéficie d'une double exposition sud/nord, offrant une luminosité agréable tout au long de la journée. Le quartier est proche de toutes les commodités : commerces, écoles, transports en commun. Vous pourrez profiter de l'exposition plein sud du balcon pour des moments de détente ensoleillés, ainsi que de l'exposition nord avec une vue privilégiée sur le Mont Faron. Une cave et un garage viennent compléter ce bien. Ne manquez pas cette opportunité unique d'acquérir un bien d'exception à Toulon. Contactez-nous dès maintenant pour organiser une visite. La presente annonce immobiliere vise 2 lots situés dans une copropriété de 114 lots au total et ne faisant l'objet d'aucune procédure en cours citée à l'article L. 721-1 du code de la construction et de l'habitation. Montant moyen mensuel de charges déclaré par le vendeur : 254.67€ par",3.0,True,True,False,True,False,True,False,,"Continuer sans accepter → Avec votre consentement, nous et nos 19 partenaires utilisons les cookies ou des technologies similaires pour stocker, accéder à et traiter des données personnelles telles que vos visites à ce site Web, les adresses IP et les identifiants des cookies. Vous pouvez révoquer"
Bienici,15 EXCLUSIVITÉ Appartement 3 pièces 71 m² 83000 Toulon (Le Port) 265 000 € 3 732 €/m²,265000,71.0,3732.39,3.0,Appartement,Toulon,Le Port,15 EXCLUSIVITÉ Appartement 3 pièces 71 m² 83000 Toulon (Le Port) 265 000 € 3 732 €/m²,https://www.bienici.com/annonce/vente/toulon/appartement/3pieces/iad-france-1956031?q=%2Frecherche%2Fachat%2Ftoulon-83000,"Continuer sans accepter → Avec votre consentement, nous et nos 19 partenaires utilisons les cookies ou des technologies similaires pour stocker, accéder à et traiter des données personnelles telles que vos visites à ce site Web, les adresses IP et les identifiants des cookies. Vous pouvez révoquer votre consentement ou vous opposer au traitement des données à tout moment en cliquant sur « Paramétrer mes cookies » ou en accédant à notre Politique de confidentialité sur ce site Web. Avec nos partenaires, nous traitons les données pour les finalités suivantes : Données de géolocalisation précises et identification par analyse de l’appareil, Mesure d'audience, Nécessaires au fonctionnement du site, Publicités et contenu personnalisés, mesure de performance des publicités et du contenu, études d’audience et développement de services, Stocker et/ou accéder à des informations sur un appareil Paramétrer mes cookies ACCEPTER Conseils immobiliersImmobilier neufTrouvez une agence immobilière Chargement de l’annonceur… Achat appartement 3 pièces 71 m² 83000 Toulon (Le Port) 265 000 €3 732 €/m² Honoraires à la charge du vendeur EXCLUSIVITÉ Estimez votre mensualité Ajouter aux favoris Vous souhaitez recevoir plus de photos ou en savoir plus sur ce bien ? 1/15 Modifiée le 25 févr. 2026 | Réf. de l’annonce : 1894904 DESCRIPTIF DE CET APPARTEMENT À VENDRE DE 3 PIÈCES ET 71 M² Vente Appartement 3 pièces. iad France - Audrey Pernet vous propose: En exclusivité- Toulon – Port de Plaisance : VUE MER 2 CHAMBRES-CAVE-PARKING COLLECTIF-GARDIEN-RESIDENCE STANDING Situé dans le très recherché quartier du Port de Plaisance à Toulon, cet appartement T3 de 71 m², à rafraichir, offre un cadre de vie exceptionnel. L’intérieur séduit par ses volumes lumineux : Salon spacieux face au port de Toulon Cuisine équipée moderne, séparée Deux chambres, dont une avec balcon Dressing, salle de bain rénovée vue mer et WC séparés. Une cave de 6 m² et un local à vélo complètent ce bien. À proximité immédiate des commerces, du marché du Mourillon, des plages et transports. Idéal en résidence principale ou secondaire. À visiter sans tarder. Un bien rare à la vente, alliant confort, emplacement d’exception. Contactez-moi pour plus d’infos ou organiser une visite, je suis ouverte à l'inter-agence La presente annonce immobiliere vise 2 lots situés dans une copropriété de 252 lots au total et ne faisant l'objet d'aucune procédure en cours citée à l'article L. 721-1 du code de la construction et de l'habitation. Montant moyen mensuel de charges déclaré par le vendeur : 165€ par mois (soit 1980 € annuel). Honoraires d'agence à la charge du vendeur. Information d'affichage énergétique sur ce bien : classe ENERGIE D indice 219 et classe CLIMAT D indice 48. Les informations sur les risques auxquels ce bien est exposé, y compris l'obligation légale de débroussaillement, sont disponibles sur le site Géorisques : http://www.georisques.gouv.fr. La présente annonce immobilière a été rédigée sous la respons",2.0,True,True,False,True,True,False,False,,"Continuer sans accepter → Avec votre consentement, nous et nos 19 partenaires utilisons les cookies ou des technologies similaires pour stocker, accéder à et traiter des données personnelles telles que vos visites à ce site Web, les adresses IP et les identifiants des cookies. Vous pouvez révoquer"
Bienici,15 EXCLUSIVITÉ Appartement 3 pièces 62 m² 83000 Toulon (Saint-Roch) 155 000 € 2 371 €/m²,155000,62.0,2500.0,3.0,Appartement,Toulon,Saint-Roch,15 EXCLUSIVITÉ Appartement 3 pièces 62 m² 83000 Toulon (Saint-Roch) 155 000 € 2 371 €/m²,https://www.bienici.com/annonce/vente/toulon/appartement/3pieces/iad-france-1924846?q=%2Frecherche%2Fachat%2Ftoulon-83000,"Continuer sans accepter → Avec votre consentement, nous et nos 19 partenaires utilisons les cookies ou des technologies similaires pour stocker, accéder à et traiter des données personnelles telles que vos visites à ce site Web, les adresses IP et les identifiants des cookies. Vous pouvez révoquer votre consentement ou vous opposer au traitement des données à tout moment en cliquant sur « Paramétrer mes cookies » ou en accédant à notre Politique de confidentialité sur ce site Web. Avec nos partenaires, nous traitons les données pour les finalités suivantes : Données de géolocalisation précises et identification par analyse de l’appareil, Mesure d'audience, Nécessaires au fonctionnement du site, Publicités et contenu personnalisés, mesure de performance des publicités et du contenu, études d’audience et développement de services, Stocker et/ou accéder à des informations sur un appareil Paramétrer mes cookies ACCEPTER Conseils immobiliersImmobilier neufTrouvez une agence immobilière CONTACTER LE PROFESSIONNEL TÉLÉPHONE Achat appartement 3 pièces 62 m² 83000 Toulon (Saint-Roch) 155 000 €2 371 €/m² Honoraires : 8 000,00% TTC inclus à la charge de l’acquéreur (147 000 € hors honoraires) EXCLUSIVITÉ Estimez votre mensualité Ajouter aux favoris Vous souhaitez recevoir plus de photos ou en savoir plus sur ce bien ? DEMANDER DES PHOTOS TÉLÉPHONE 1/15 Modifiée le 25 févr. 2026 | Réf. de l’annonce : 1864897 DESCRIPTIF DE CET APPARTEMENT À VENDRE DE 3 PIÈCES ET 62 M² Vente Appartement 3 pièces. iad France - Laura Ropion vous propose: TOULON - PROCHE CENTRE VILLE - Appartement T3 à rénover avec TERRASSES et CELLIER Idéalement situé avec une vue dégagée sur la ville, cet appartement de type T2 est situé au 7ème étage d'une résidence avec ASCENSEUR. En entrant vous découvrirez l'espace de vie se composant d'une grande entrée avec placards de rangement, ainsi qu'un salon- salle à manger ouverts sur une terrasse exposée Ouest. Une cuisine séparée, ainsi qu'une chambre ouvertes sur une terrasse exposée Nord, complètent cet espace. Un WC séparé et une salle d'eau s'ajoutent à la composition de ce bien. SES ATOUTS: double vitrage, climatisation réversible, cellier séparé, terrasses. A proximité immédiate des commerces et des transports en commun. Belle opportunité pour un premier achat, ou pour un investissement locatif. La presente annonce immobiliere vise 1 lot situé dans une copropriété de 132 lots au total et ne faisant l'objet d'aucune procédure en cours citée à l'article L. 721-1 du code de la construction et de l'habitation. Montant moyen mensuel de charges déclaré par le vendeur : 215.67€ par mois (soit 2588 € annuel). Honoraires d'agence à la charge de l'acquéreur. Prix honoraires inclus : 155000 euros. Prix hors honoraires : 147000 euros. Honoraires TTC à la charge de l'acquéreur (5,44% du prix du bien hors honoraires) : 8000 euros. Information d'affichage énergétique sur ce bien : classe ENERGIE C indice 161 et classe CLIMAT C indice 27. Les informations ",1.0,False,False,True,True,False,False,False,,"Continuer sans accepter → Avec votre consentement, nous et nos 19 partenaires utilisons les cookies ou des technologies similaires pour stocker, accéder à et traiter des données personnelles telles que vos visites à ce site Web, les adresses IP et les identifiants des cookies. Vous pouvez révoquer"
Bienici,23 EXCLUSIVITÉ Maison 5 pièces 111 m² 83200 Toulon (La Chapelle - Saint-André) 583 000 € 5 252 €/m²,583000,111.0,5252.25,5.0,Maison,Toulon,La Chapelle - Saint-André,23 EXCLUSIVITÉ Maison 5 pièces 111 m² 83200 Toulon (La Chapelle - Saint-André) 583 000 € 5 252 €/m²,https://www.bienici.com/annonce/vente/toulon/maison/5pieces/iad-france-1931125?q=%2Frecherche%2Fachat%2Ftoulon-83000,"Continuer sans accepter → Avec votre consentement, nous et nos 19 partenaires utilisons les cookies ou des technologies similaires pour stocker, accéder à et traiter des données personnelles telles que vos visites à ce site Web, les adresses IP et les identifiants des cookies. Vous pouvez révoquer votre consentement ou vous opposer au traitement des données à tout moment en cliquant sur « Paramétrer mes cookies » ou en accédant à notre Politique de confidentialité sur ce site Web. Avec nos partenaires, nous traitons les données pour les finalités suivantes : Données de géolocalisation précises et identification par analyse de l’appareil, Mesure d'audience, Nécessaires au fonctionnement du site, Publicités et contenu personnalisés, mesure de performance des publicités et du contenu, études d’audience et développement de services, Stocker et/ou accéder à des informations sur un appareil Paramétrer mes cookies ACCEPTER Conseils immobiliersImmobilier neufTrouvez une agence immobilière Chargement de l’annonceur… Achat maison 5 pièces 111 m² 83200 Toulon (La Chapelle - Saint-André) 583 000 €5 252 €/m² Honoraires à la charge du vendeur EXCLUSIVITÉ Estimez votre mensualité Ajouter aux favoris Vous souhaitez recevoir plus de photos ou en savoir plus sur ce bien ? 1/23 Modifiée le 6 mars 2026 | Réf. de l’annonce : 1870907 DESCRIPTIF DE CETTE MAISON À VENDRE DE 5 PIÈCES ET 111 M² Vente Maison/villa 5 pièces. iad France - Anthony Pages vous propose: Maison T4 Vue mer et au pied du Baou – Toulon Ouest / Quartier La Chapelle/ Quatre Chemins des routes. Nichée sur les hauteurs de Toulon Ouest, cette maison familiale de 110 m² offre un cadre de vie idyllique entre mer et collines, avec une vue panoramique sur la rade de Toulon. Idéale pour une famille en quête de tranquillité sans renoncer au confort, cette maison parfaitement entretenue ne demande aucun travaux. Le séjour lumineux avec cheminée à insert, la climatisation réversible, et les volumes généreux. À l’extérieur, place au plaisir : Une belle terrasse et une piscine, plein sud. Une vue dégagée sur la mer et les collines pour en prendre plein les yeux, chaque jour. Les enfants pourront rejoindre à pied les sentiers de balade, pendant que les parents apprécieront la proximité des bus et le stationnement facile : garage, box fermé et plusieurs places devant la propriété. Un bien rare, où calme, confort et panorama se conjuguent à merveille. Si vous voulez organiser une visite, n’hésitez pas à me contacter. La presente annonce immobiliere vise 1 lot situé dans une copropriété de 28 lots au total et ne faisant l'objet d'aucune procédure en cours citée à l'article L. 721-1 du code de la construction et de l'habitation. Montant moyen mensuel de charges déclaré par le vendeur : 12.5€ par mois (soit 150 € annuel). Honoraires d'agence à la charge du vendeur. Information d'affichage énergétique sur ce bien : classe ENERGIE C indice 152 et classe CLIMAT A indice 4. Les informations sur les risques auxquels ce bien ",4.0,False,False,True,False,True,True,True,,"Continuer sans accepter → Avec votre consentement, nous et nos 19 partenaires utilisons les cookies ou des technologies similaires pour stocker, accéder à et traiter des données personnelles telles que vos visites à ce site Web, les adresses IP et les identifiants des cookies. Vous pouvez révoquer"
Bienici,16 EXCLUSIVITÉ Maison 6 pièces 136 m² 83000 Toulon (La Serinette - La Barre) 690 000 € 5 074 €/m²,690000,136.0,5073.53,6.0,Maison,Toulon,La Serinette - La Barre,16 EXCLUSIVITÉ Maison 6 pièces 136 m² 83000 Toulon (La Serinette - La Barre) 690 000 € 5 074 €/m²,https://www.bienici.com/annonce/vente/toulon/maison/6pieces/iad-france-1930426?q=%2Frecherche%2Fachat%2Ftoulon-83000,"Continuer sans accepter → Avec votre consentement, nous et nos 19 partenaires utilisons les cookies ou des technologies similaires pour stocker, accéder à et traiter des données personnelles telles que vos visites à ce site Web, les adresses IP et les identifiants des cookies. Vous pouvez révoquer votre consentement ou vous opposer au traitement des données à tout moment en cliquant sur « Paramétrer mes cookies » ou en accédant à notre Politique de confidentialité sur ce site Web. Avec nos partenaires, nous traitons les données pour les finalités suivantes : Données de géolocalisation précises et identification par analyse de l’appareil, Mesure d'audience, Nécessaires au fonctionnement du site, Publicités et contenu personnalisés, mesure de performance des publicités et du contenu, études d’audience et développement de services, Stocker et/ou accéder à des informations sur un appareil Paramétrer mes cookies ACCEPTER Conseils immobiliersImmobilier neufTrouvez une agence immobilière Chargement de l’annonceur… Achat maison 6 pièces 136 m² 83000 Toulon (La Serinette - La Barre) 690 000 €5 074 €/m² Honoraires à la charge du vendeur EXCLUSIVITÉ Estimez votre mensualité Ajouter aux favoris Vous souhaitez recevoir plus de photos ou en savoir plus sur ce bien ? 1/16 Modifiée le 25 févr. 2026 | Réf. de l’annonce : 1870223 DESCRIPTIF DE CETTE MAISON À VENDRE DE 6 PIÈCES ET 136 M² Vente Maison traditionnelle 6 pièces. iad France - Florence Audigé vous propose: Superbe Maison Traditionnelle de 136m² avec Jardin et Garage à Toulon Découvrez cette magnifique maison traditionnelle située à Toulon, alliant charme et confort pour une qualité de vie incomparable. Construite en 1993, cette propriété de caractère offre de beaux volumes et une atmosphère chaleureuse, idéale pour une famille. Au rez-de-chaussée, vous serez accueillis par un vaste espace de vie comprenant un double séjour lumineux, une salle à manger conviviale, une cuisine équipée séparée et une chambre de plain-pied.. Les deux terrasses vous permettront de profiter du soleil et d'organiser des repas en extérieur. Côté nuit, deux belles chambres offrent des espaces intimes pour chacun des membres de la famille. Deux salles d'eau et deux toilettes complètent cet espace pour plus de commodité. À l'extérieur, vous apprécierez le jardin arboré de 432m², parfait pour des moments de détente en plein air. Un garage et un espace de stationnement permettent de garer vos véhicules en toute sécurité. Les prestations de cette maison sauront vous séduire : fibre optique, climatisation, système de sécurité avec digicode, interphone et porte blindée, chauffage individuel par réversible. Vous disposerez également de tout le confort moderne : connexion téléphonique, système de ventilation mécanique, et dispositif d'alarme. Idéalement située à proximité de l'École du Cap Brun, des commerces de proximité, des arrêts de bus et des professionnels de santé, vous apprécierez ce quartier très prisé tout en bénéficiant de tout",3.0,True,False,True,False,False,True,False,,"Continuer sans accepter → Avec votre consentement, nous et nos 19 partenaires utilisons les cookies ou des technologies similaires pour stocker, accéder à et traiter des données personnelles telles que vos visites à ce site Web, les adresses IP et les identifiants des cookies. Vous pouvez révoquer"
Bienici,CENTURY 21 Colbert Immobilier 32 360° EXCLUSIVITÉ Maison 8 pièces 204 m² 83100 Toulon (Sainte-Musse) 658 000 € 3 224 €/m,658000,204.0,3225.49,8.0,Maison,Toulon,Sainte-Musse,CENTURY 21 Colbert Immobilier 32 360° EXCLUSIVITÉ Maison 8 pièces 204 m² 83100 Toulon (Sainte-Musse) 658 000 € 3 224 €/m²,https://www.bienici.com/annonce/vente/toulon/maison/8pieces/century-21-202_3064_4760?q=%2Frecherche%2Fachat%2Ftoulon-83000,"Continuer sans accepter → Avec votre consentement, nous et nos 19 partenaires utilisons les cookies ou des technologies similaires pour stocker, accéder à et traiter des données personnelles telles que vos visites à ce site Web, les adresses IP et les identifiants des cookies. Vous pouvez révoquer votre consentement ou vous opposer au traitement des données à tout moment en cliquant sur « Paramétrer mes cookies » ou en accédant à notre Politique de confidentialité sur ce site Web. Avec nos partenaires, nous traitons les données pour les finalités suivantes : Données de géolocalisation précises et identification par analyse de l’appareil, Mesure d'audience, Nécessaires au fonctionnement du site, Publicités et contenu personnalisés, mesure de performance des publicités et du contenu, études d’audience et développement de services, Stocker et/ou accéder à des informations sur un appareil Paramétrer mes cookies ACCEPTER",,False,False,False,False,False,False,False,,"Continuer sans accepter → Avec votre consentement, nous et nos 19 partenaires utilisons les cookies ou des technologies similaires pour stocker, accéder à et traiter des données personnelles telles que vos visites à ce site Web, les adresses IP et les identifiants des cookies. Vous pouvez révoquer"
Bienici,23 EXCLUSIVITÉ Appartement 2 pièces 40 m² 83000 Toulon (Saint-Roch) 102 700 € 2 568 €/m²,102700,40.0,2567.5,2.0,Appartement,Toulon,Saint-Roch,23 EXCLUSIVITÉ Appartement 2 pièces 40 m² 83000 Toulon (Saint-Roch) 102 700 € 2 568 €/m²,https://www.bienici.com/annonce/vente/toulon/appartement/2pieces/ag060811-490412234?q=%2Frecherche%2Fachat%2Ftoulon-83000,"Continuer sans accepter → Avec votre consentement, nous et nos 19 partenaires utilisons les cookies ou des technologies similaires pour stocker, accéder à et traiter des données personnelles telles que vos visites à ce site Web, les adresses IP et les identifiants des cookies. Vous pouvez révoquer votre consentement ou vous opposer au traitement des données à tout moment en cliquant sur « Paramétrer mes cookies » ou en accédant à notre Politique de confidentialité sur ce site Web. Avec nos partenaires, nous traitons les données pour les finalités suivantes : Données de géolocalisation précises et identification par analyse de l’appareil, Mesure d'audience, Nécessaires au fonctionnement du site, Publicités et contenu personnalisés, mesure de performance des publicités et du contenu, études d’audience et développement de services, Stocker et/ou accéder à des informations sur un appareil Paramétrer mes cookies ACCEPTER Conseils immobiliersImmobilier neufTrouvez une agence immobilière CONTACTER LE PROFESSIONNEL Chargement de l’annonceur… TÉLÉPHONE Achat appartement 2 pièces 40 m² 83000 Toulon (Saint-Roch) 102 700 €2 568 €/m² Honoraires à la charge du vendeur EXCLUSIVITÉ Estimez votre mensualité Ajouter aux favoris Vous souhaitez recevoir plus de photos ou en savoir plus sur ce bien ? DEMANDER DES PHOTOS TÉLÉPHONE 1/23 Modifiée le 11 févr. 2026 | Réf. de l’annonce : 830033153238 DESCRIPTIF DE CET APPARTEMENT À VENDRE DE 2 PIÈCES ET 40 M² Appartement 2 pièces, cuisine indépendante possibilité parking. Appartement central et au calme avec très jolie vue sur les collines, cuisine indépendante, séjour, une chambre en mezzanine 12 m2. Possibilité parking ou garage à proximité. Appartement traversant et sans vis à vis. Climatisation réversible neuve. Idéalement situé proche des commerces et au calme, à 1km de la gare SNCF et 1,5 km du port. Beau séjour 15 m2, cuisine indépendante lumineuse de 9 m2?avec grande fenêtre, une chambre en mezzanine 12 m2. Vue sur le Faron, belle hauteur sous plafond.. Quartier recherché et résidentiel. Agréable en été comme en hiver. Nombre de lots de la copropriété: 3, Montant moyen de la quote-part annuelle de charges (budget prévisionnel) : 176€ soit 14€ par mois. Les honoraires sont à la charge du vendeur. Les informations sur les risques auxquels ce bien est exposé sont disponibles sur le site Géorisques : www.georisques.gouv.fr. Contactez Corine-Alexandra RODRIGUEZ Entrepreneur Individuel, Agent commercial OptimHome (RSAC N°524 034 584 Greffe de TOULON) Voir le téléphone (réf. 593166 ) Je souhaite être recontacté par l’annonceur Avez-vous un bien à vendre ? Oui Non Je ne souhaite pas recevoir de biens similaires, ni de conseils liés à ma recherche immobilière de la part de Bien’ici. En cliquant sur le bouton ci-dessous, je reconnais avoir pris connaissance et accepter sans réserve les Mentions légales et Conditions Générales d’Utilisation du site. RECEVOIR L’ADRESSE DU BIEN * Champs obligatoires. Afficher les informations r",1.0,True,False,False,False,False,False,False,,"Continuer sans accepter → Avec votre consentement, nous et nos 19 partenaires utilisons les cookies ou des technologies similaires pour stocker, accéder à et traiter des données personnelles telles que vos visites à ce site Web, les adresses IP et les identifiants des cookies. Vous pouvez révoquer"
Bienici,"IBOX Mourillon 32 360° EXCLUSIVITÉ Maison 8 pièces 266 m² 83000 Toulon (Le Cap Brun - Le Petit Bois) 3 900 000 € 14,7k €",3900000,266.0,14661.65,8.0,Maison,Toulon,Le Cap Brun - Le Petit Bois,"IBOX Mourillon 32 360° EXCLUSIVITÉ Maison 8 pièces 266 m² 83000 Toulon (Le Cap Brun - Le Petit Bois) 3 900 000 € 14,7k €/m²",https://www.bienici.com/annonce/vente-de-prestige/toulon/maison/8pieces/hektor-mourillon-387624?q=%2Frecherche%2Fachat%2Ftoulon-83000,"Continuer sans accepter → Avec votre consentement, nous et nos 19 partenaires utilisons les cookies ou des technologies similaires pour stocker, accéder à et traiter des données personnelles telles que vos visites à ce site Web, les adresses IP et les identifiants des cookies. Vous pouvez révoquer votre consentement ou vous opposer au traitement des données à tout moment en cliquant sur « Paramétrer mes cookies » ou en accédant à notre Politique de confidentialité sur ce site Web. Avec nos partenaires, nous traitons les données pour les finalités suivantes : Données de géolocalisation précises et identification par analyse de l’appareil, Mesure d'audience, Nécessaires au fonctionnement du site, Publicités et contenu personnalisés, mesure de performance des publicités et du contenu, études d’audience et développement de services, Stocker et/ou accéder à des informations sur un appareil Paramétrer mes cookies ACCEPTER Conseils immobiliersImmobilier neufTrouvez une agence immobilière Chargement de l’annonceur… Vente de prestige : maison 8 pièces 266 m² 83000 Toulon (Le Cap Brun - Le Petit Bois) 3 900 000 €14,7k €/m² 360° EXCLUSIVITÉ Estimez votre mensualité Ajouter aux favoris VISITE 360° CLIQUEZ ICI VISITE VIDÉO CLIQUEZ ICI Vous souhaitez recevoir plus de photos ou en savoir plus sur ce bien ? IBOX Mourillon 1/32 Découvrir la visite360° Modifiée le 27 févr. 2026 | Réf. de l’annonce : 5973ME DESCRIPTIF DE CETTE MAISON À VENDRE DE 8 PIÈCES ET 266 M² Villa d'architecte avec vue mer exceptionnelle Cap Brun, T. Villa CAP SUD le joyau du Cap Brun à Toulon Nichée sur les hauteurs du très prisé quartier du Cap Brun, cette villa contemporaine conjugue élégance architecturale et art de vivre méditerranéen. Ce secteur résidentiel emblématique de Toulon séduit depuis toujours par ses criques préservées, ses plages de galets et ses charmants restaurants les pieds dans l'eau. Ici, loin de l'agitation, vous profiterez d'un littoral sauvage et authentique, idéal pour se ressourcer en famille ou entre amis. À seulement quelques minutes du centre-ville, du port de plaisance et des animations de Toulon, la Villa Cap Sud offre un cadre de vie unique, entre calme et proximité. Les atouts de la propriété : Surface habitable : 266 m2 4 chambres spacieuses, chacune avec salle de bain privative et terrasse vue mer Séjour lumineux aux volumes généreux, ouvert sur la Méditerranée grâce à de larges baies vitrées panoramiques Cuisine entièrement équipée, Depuis chaque espace de vie, la vue est époustouflante : lever et coucher de soleil sur la Grande Bleue, jeux de lumière changeants et horizon infini... un spectacle permanent. Extérieurs & prestations : Jardin paysager de 2 000 m2 parfaitement entretenu Piscine à débordement (13m x 5,5m) avec terrasse en bois et bains de soleil Double garage sécurisé + parking extérieur pour plusieurs véhicules Espaces pensés pour la détente et la convivialité, dans un cadre intimiste Ce que l'on aime : Une vue mer imprenable, de jour comme d",4.0,True,False,True,False,True,True,True,,"Continuer sans accepter → Avec votre consentement, nous et nos 19 partenaires utilisons les cookies ou des technologies similaires pour stocker, accéder à et traiter des données personnelles telles que vos visites à ce site Web, les adresses IP et les identifiants des cookies. Vous pouvez révoquer"
Bienici,16 EXCLUSIVITÉ Maison 4 pièces 88 m² 83200 Toulon (Les Routes) 445 000 € 5 057 €/m²,445000,88.0,5056.82,4.0,Maison,Toulon,Les Routes,16 EXCLUSIVITÉ Maison 4 pièces 88 m² 83200 Toulon (Les Routes) 445 000 € 5 057 €/m²,https://www.bienici.com/annonce/vente/toulon/maison/4pieces/iad-france-1889043?q=%2Frecherche%2Fachat%2Ftoulon-83000,"Continuer sans accepter → Avec votre consentement, nous et nos 19 partenaires utilisons les cookies ou des technologies similaires pour stocker, accéder à et traiter des données personnelles telles que vos visites à ce site Web, les adresses IP et les identifiants des cookies. Vous pouvez révoquer votre consentement ou vous opposer au traitement des données à tout moment en cliquant sur « Paramétrer mes cookies » ou en accédant à notre Politique de confidentialité sur ce site Web. Avec nos partenaires, nous traitons les données pour les finalités suivantes : Données de géolocalisation précises et identification par analyse de l’appareil, Mesure d'audience, Nécessaires au fonctionnement du site, Publicités et contenu personnalisés, mesure de performance des publicités et du contenu, études d’audience et développement de services, Stocker et/ou accéder à des informations sur un appareil Paramétrer mes cookies ACCEPTER Conseils immobiliersImmobilier neufTrouvez une agence immobilière CONTACTER LE PROFESSIONNEL Chargement de l’annonceur… TÉLÉPHONE Achat maison 4 pièces 88 m² 83200 Toulon (Les Routes) 445 000 €5 057 €/m² Honoraires à la charge du vendeur EXCLUSIVITÉ Estimez votre mensualité Ajouter aux favoris Vous souhaitez recevoir plus de photos ou en savoir plus sur ce bien ? DEMANDER DES PHOTOS TÉLÉPHONE 1/16 Modifiée le 25 févr. 2026 | Réf. de l’annonce : 1829573 DESCRIPTIF DE CETTE MAISON À VENDRE DE 4 PIÈCES ET 88 M² Vente Maison/villa 4 pièces. iad France - Inès Ben Saad vous propose: NOUVEAUTÉ - Charmante Maison de 4 Pièces avec Jardin à Toulon ouest Découvrez cette ravissante maison mitoyenne d'un côté, construite en 2020 et en état neuf, située à Toulon ouest, avec une surface habitable de 88m² sur un terrain de 450m², cette propriété offre un cadre de vie idéal pour une famille ou des amoureux de la tranquillité. À l'intérieur, vous trouverez un espace de vie lumineux comprenant un salon, une cuisine équipée, trois chambres confortables àl'étage, deux toilettes, une buanderie et une salle d'eau. Chaque pièce a été pensée pour offrir confort et fonctionnalité. La maison bénéficie d'une disposition pratique, facilitant la circulation au quotidien. Le jardin, véritable havre de paix, vous permettra de profiter pleinement des beaux jours en famille ou entre amis. Vous pourrez également garer votre véhicule en toute sécurité. Les équipements de qualité tels que la fibre optique, et la climatisation réversible assurent un confort optimal toute l'année. De plus, la maison est raccordée au tout-à-l'égout, offrant ainsi un confort supplémentaire au quotidien. Idéalement située, cette maison vous permettra de profiter du calme environnant tout en restant proche des commodités de la ville. Les commerces et les écoles se trouvent à proximité, rendant cette propriété encore plus attrayante. Ne manquez pas cette opportunité unique d'acquérir une maison moderne, fonctionnelle et parfaitement entretenue à Toulon ouest. Contactez-moi dès maintenant pour o",3.0,False,False,True,False,False,True,False,,"Continuer sans accepter → Avec votre consentement, nous et nos 19 partenaires utilisons les cookies ou des technologies similaires pour stocker, accéder à et traiter des données personnelles telles que vos visites à ce site Web, les adresses IP et les identifiants des cookies. Vous pouvez révoquer"
Bienici,20 EXCLUSIVITÉ Appartement 3 pièces 67 m² 83000 Toulon (Champs-de-Mars) 183 000 € 2 731 €/m²,183000,67.0,2731.34,3.0,Appartement,Toulon,Champs-de-Mars,20 EXCLUSIVITÉ Appartement 3 pièces 67 m² 83000 Toulon (Champs-de-Mars) 183 000 € 2 731 €/m²,https://www.bienici.com/annonce/vente/toulon/appartement/3pieces/iad-france-1856922?q=%2Frecherche%2Fachat%2Ftoulon-83000,"Continuer sans accepter → Avec votre consentement, nous et nos 19 partenaires utilisons les cookies ou des technologies similaires pour stocker, accéder à et traiter des données personnelles telles que vos visites à ce site Web, les adresses IP et les identifiants des cookies. Vous pouvez révoquer votre consentement ou vous opposer au traitement des données à tout moment en cliquant sur « Paramétrer mes cookies » ou en accédant à notre Politique de confidentialité sur ce site Web. Avec nos partenaires, nous traitons les données pour les finalités suivantes : Données de géolocalisation précises et identification par analyse de l’appareil, Mesure d'audience, Nécessaires au fonctionnement du site, Publicités et contenu personnalisés, mesure de performance des publicités et du contenu, études d’audience et développement de services, Stocker et/ou accéder à des informations sur un appareil Paramétrer mes cookies ACCEPTER Conseils immobiliersImmobilier neufTrouvez une agence immobilière CONTACTER LE PROFESSIONNEL Chargement de l’annonceur… TÉLÉPHONE Achat appartement 3 pièces 67 m² 83000 Toulon (Champs-de-Mars) 183 000 €2 731 €/m² Honoraires à la charge du vendeur EXCLUSIVITÉ Estimez votre mensualité Ajouter aux favoris Vous souhaitez recevoir plus de photos ou en savoir plus sur ce bien ? DEMANDER DES PHOTOS TÉLÉPHONE 1/20 Modifiée le 25 févr. 2026 | Réf. de l’annonce : 1797933 DESCRIPTIF DE CET APPARTEMENT À VENDRE DE 3 PIÈCES ET 67 M² Vente Appartement 3 pièces. iad France - Véronique Lecuyer vous propose: Dans le quartier animé du Champ-de-Mars en limite de Saint Jean du Var, tout proche de l’Hôpital Privé Saint-Jean, cet appartement T3 entièrement rénové, lumineux et très propre, vous propose de beaux espaces dans une ambiance cossue. Idéal famille, retraités ou investisseur, 5e étage sur 6 d'un immeuble de standing, halls et extérieurs végétalisés, gardien, digicode, interphone et ascenseur. Lorsque vous entrez dans cette résidence, les bruits du quartier disparaissent, vous êtes dans un monde paisible, bien entretenu, où courtoisie et calme se côtoient. Arrivés au 5e, vous êtes chez vous : seulement 2 appartements, séparés par la cage d'ascenseur ! Le logement Il est actuellement vide. Les photos des pièces que vous voyez meublées ont été crées par l'IA afin de vous permettre d'imaginer leur potentiel. Côté sud, le grand séjour de 22m2 env., ouvert par de larges baies vitrées (volets roulants et stores électriques) sur une belle terrasse (8m2), vous propose une vue dégagée sur le parc accessible en 2mn à pied. Vous êtes au calme ! Côté nord, les 2 chambres et la cuisine équipée (plaque à induction, hotte, four, placards) ouvrent par des portes fenêtres avec volets roulants sur une longue loggia de presque 9m2 (espace idéal de rangement). La belle entrée (placard mural) donne accès à chaque pièce de l'appartement : immédiatement au salon, à la cuisine et la grande chambre. Puis à la salle bain (vasque, baignoire bidet et rangements), au toilette ",2.0,False,False,True,True,False,True,False,,"Continuer sans accepter → Avec votre consentement, nous et nos 19 partenaires utilisons les cookies ou des technologies similaires pour stocker, accéder à et traiter des données personnelles telles que vos visites à ce site Web, les adresses IP et les identifiants des cookies. Vous pouvez révoquer"
